"","length"
"1",1.50920586031014
"2",2.51038873289013
"3",0.68983359758232
"4",8.59818161029846
"5",2.17139113195413
"6",3.36779162396222
"7",8.78056348100641
"8",5.3617923009405
"9",2.83655510695243
"10",2.2178153779373
"11",4.59962538048724
"12",2.85450983402665
"13",5.94623283497664
"14",2.82544473134635
"15",3.31183185945376
"16",6.82588163314909
"17",9.84780418423037
"18",3.65162459173714
"19",4.49552571348968
"20",4.38531111182603
"21",14.8421608283957
"22",3.33548917305344
"23",3.94505864841794
"24",2.00086128920728
"25",2.54764492739347
"26",4.09450256749788
"27",1.98080675308663
"28",1.78950379450319
"29",6.35679495833884
"30",2.74778023629822
"31",3.87619976366049
"32",3.46020098524838
"33",5.26581980903901
"34",2.80677266106104
"35",5.06680979963414
"36",4.0771611994907
"37",4.89572614959087
"38",1.40583191817571
"39",9.31111206570301
"40",3.27176981670375
"41",1.50285589106217
"42",1.10396022323965
"43",3.62750351161537
"44",4.42909214866796
"45",1.05092311717359
"46",2.54042022862311
"47",2.83990387382577
"48",5.24995006707919
"49",2.1602442620243
"50",3.00566071395326
"51",3.57460888413939
"52",2.48230349767457
"53",4.59965911888904
"54",5.02586676538196
"55",6.22220100694178
"56",6.79705215383968
"57",1.10813451217153
"58",1.33698897790644
"59",5.64035397590415
"60",1.48949823133056
"61",8.53855816945931
"62",1.85674861861689
"63",2.67476644629787
"64",3.50450005741164
"65",1.86742229369954
"66",2.49456772888212
"67",2.71317704394544
"68",4.21351065549008
"69",3.94995544341032
"70",10.0372754386701
"71",2.96785131105303
"72",2.00653993494104
"73",5.33668254269167
"74",0.773003384207486
"75",7.08984686372172
"76",7.41200496661675
"77",2.30913406957995
"78",1.7593734658432
"79",1.99443054838002
"80",0.617326090631925
"81",1.04076995499605
"82",2.31337976813811
"83",4.32928943081372
"84",2.19597314757967
"85",3.40784885107078
"86",5.20470446069489
"87",4.24825897435201
"88",1.61688622449222
"89",6.52277339965449
"90",2.52018065149981
"91",4.08757170567005
"92",3.60226635175759
"93",5.29148305131623
"94",4.76342825953841
"95",5.00110376422903
"96",2.61152941641381
"97",2.70753298025995
"98",3.40144633002941
"99",2.08546364524059
"100",2.17238648818733
"101",0.571422940390761
"102",4.39909486749381
"103",1.40456013500094
"104",2.69831835906094
"105",1.66493256881482
"106",5.02919808991394
"107",4.1481411241839
"108",3.63924934683152
"109",4.66184389060574
"110",4.50963673830715
"111",0.902112461572684
"112",1.70079748104015
"113",14.8788964465711
"114",2.18725028745251
"115",1.13767843118573
"116",3.32642644029618
"117",1.85091768937382
"118",5.05824421769307
"119",5.07850093522116
"120",5.75931596243448
"121",3.25944814913303
"122",3.89952002100769
"123",4.32691940778146
"124",2.4808527383858
"125",5.41874985414866
"126",4.66523517802992
"127",3.46771126560571
"128",2.11281023045629
"129",0.924410982554095
"130",6.28000233152551
"131",7.35032996776833
"132",1.61155980070439
"133",6.90092260147567
"134",2.13926426099011
"135",5.74039002795448
"136",2.08777471715198
"137",1.53093858946273
"138",1.40897200989019
"139",0.553897492407066
"140",3.38800696764895
"141",1.70289632778993
"142",4.43960415348567
"143",2.37420079794325
"144",1.17442832013715
"145",0.674328944220922
"146",2.13339433787226
"147",14.5435918258328
"148",1.55626108218267
"149",5.74049993947086
"150",1.71304644919512
"151",2.86126540433307
"152",3.06489129224114
"153",3.4239291076796
"154",0.139156416247131
"155",1.21681299252291
"156",0.715485564136653
"157",3.32852137382727
"158",1.62414825667575
"159",2.45465617128392
"160",5.01487767806956
"161",2.34696770903678
"162",2.04524496301499
"163",3.54581193850568
"164",3.0247793828349
"165",2.15465694454994
"166",9.96117676588341
"167",3.08456399984074
"168",1.06827860802069
"169",2.73584217091152
"170",3.38990286404726
"171",7.19204173639631
"172",2.68375415000727
"173",13.3516089349033
"174",1.38791582187192
"175",2.10653699996759
"176",3.6808777025436
"177",6.31639509736172
"178",4.92775454368874
"179",11.2394372943258
"180",4.46495700148969
"181",3.62066597982659
"182",3.83836897935077
"183",3.69508945590373
"184",1.23373002734908
"185",6.86699761520268
"186",8.20550093650583
"187",5.1153973379839
"188",1.73210891933032
"189",1.16416029521055
"190",0.575540357016557
"191",3.29943993487142
"192",2.72345126312365
"193",1.77727323321978
"194",9.76532536030886
"195",2.348301601373
"196",7.9609732382886
"197",5.29877651628494
"198",1.29006675167737
"199",3.84175163798863
"200",1.44744873919951
"201",2.6624104418148
"202",6.32161563334024
"203",8.58997078401486
"204",1.7096965030451
"205",6.14439829743736
"206",6.2757348539879
"207",4.26990450564686
"208",6.95393693476941
"209",8.29324281412081
"210",2.38449753621012
"211",1.37479787408916
"212",2.43952439684427
"213",2.14451607172038
"214",5.66519435980863
"215",4.56888623052302
"216",6.48022348218814
"217",1.86777610781857
"218",1.69343402622673
"219",3.28772861781267
"220",3.72506984247392
"221",1.41995500890359
"222",2.01362781492026
"223",2.2123273297066
"224",4.67794136897474
"225",2.03036995031731
"226",6.43085398428604
"227",1.96373111988841
"228",7.4523354733342
"229",4.12380449486553
"230",7.49552944597167
"231",1.8174258275011
"232",3.77825972249993
"233",0.722956538733138
"234",3.3631553114398
"235",2.00478895426666
"236",1.92066890816689
"237",3.58067294796881
"238",3.84761206031068
"239",11.8212667929423
"240",1.83664738289404
"241",5.58912627197676
"242",3.52980933902273
"243",2.38315875172338
"244",1.80702766520663
"245",4.40197182635021
"246",2.01797488021399
"247",4.01054470049694
"248",1.45058636836934
"249",1.44363087845598
"250",3.65709041166375
"251",2.1670859365998
"252",2.3014660127739
"253",10.2829774172229
"254",1.10582044710083
"255",2.6977198246427
"256",3.39646806837864
"257",4.19235576255372
"258",3.46109964214674
"259",4.51274193413711
"260",2.4148097206724
"261",5.99714507192827
"262",2.07495174483297
"263",2.17887059640865
"264",4.43629252830794
"265",6.32517528320219
"266",4.03443214765482
"267",3.98116903012668
"268",2.09661018729042
"269",1.15739474159145
"270",1.96143779374962
"271",2.88186725773054
"272",3.92867793406074
"273",2.24511635512105
"274",6.55111202573599
"275",1.83442556652784
"276",4.23844651761824
"277",3.07813866705197
"278",2.91579894271282
"279",1.76263510868468
"280",3.12013215739707
"281",2.37364555613391
"282",0.790141675005924
"283",4.09189283226923
"284",2.45689379618533
"285",2.04563462876375
"286",0.207773039735968
"287",4.39755780956085
"288",3.94821483515113
"289",3.62445490083107
"290",3.3587299989621
"291",2.16679624519737
"292",2.98952062544499
"293",7.61053016625593
"294",2.63443564474958
"295",5.45292908343666
"296",2.47466854545664
"297",11.5492071081732
"298",3.18119668210175
"299",5.08576622583631
"300",1.56006422252409
"301",3.65146614594778
"302",2.07077333511281
"303",6.15016058243037
"304",9.15005856666509
"305",4.29013276104353
"306",5.44065037634129
"307",1.6404611935088
"308",4.02092676130985
"309",2.43994817585903
"310",6.76957328899913
"311",3.7847844925455
"312",5.8974875494566
"313",2.66767226702026
"314",1.67763089471882
"315",1.77680211461113
"316",5.66283794037819
"317",7.24719865172989
"318",2.7622869069924
"319",1.140619626072
"320",6.80129555369277
"321",3.77812704800271
"322",5.4960229690124
"323",2.9290222071013
"324",2.28111631016985
"325",3.59434941256125
"326",4.62683076638555
"327",0.943455271199455
"328",7.3028933910825
"329",0.660038100025606
"330",2.98979055230739
"331",1.29064451853535
"332",3.32909797141892
"333",4.72295021173328
"334",7.68381631118587
"335",3.77707673392605
"336",3.40189691759253
"337",6.51933341488686
"338",2.49580899670238
"339",1.18192629791323
"340",1.03966546962891
"341",4.87589569827931
"342",0.596405589170607
"343",5.01020574364555
"344",1.92923473177513
"345",7.64118324021142
"346",1.27334417818956
"347",6.67389735992464
"348",7.55597295554092
"349",3.52894516983841
"350",5.06578031346932
"351",4.82578539396268
"352",5.47792826206052
"353",7.44842719694127
"354",1.41703388303103
"355",4.26420470096736
"356",3.57094894806625
"357",0.611921499181145
"358",1.46005269412204
"359",4.85918648890005
"360",2.81352677944271
"361",4.69689937752873
"362",8.16651494338855
"363",3.80167488386857
"364",2.14898677056702
"365",1.36392825991944
"366",5.40140753472632
"367",4.84352836228528
"368",3.76117621771227
"369",1.05948813267515
"370",3.5760625568029
"371",0.957095187331043
"372",5.7668141302534
"373",1.52054586164255
"374",1.84372535645867
"375",2.47340071969592
"376",2.57713686394543
"377",2.50278909330054
"378",3.90852788500393
"379",2.13088669055628
"380",6.05526737844392
"381",5.87953979902582
"382",5.78248172549942
"383",1.37933238936719
"384",1.76195297439176
"385",6.647072695359
"386",2.69345527638697
"387",7.5447926714494
"388",11.5133115787106
"389",3.83148830458896
"390",0.413257034043193
"391",4.19309526322956
"392",3.09728735814965
"393",4.57678553843756
"394",2.91429556058322
"395",1.37552503570037
"396",1.49537147985903
"397",10.9222789211664
"398",4.39783842883457
"399",2.20488777867167
"400",6.15305855712744
"401",4.38210895521961
"402",5.39817436982257
"403",1.4289645903155
"404",1.76089095619614
"405",3.22565544889431
"406",5.63839164873495
"407",2.33524015371216
"408",1.57183706813742
"409",5.60901339687131
"410",4.46230353311992
"411",1.66625578040665
"412",2.94900022244197
"413",6.97667652228243
"414",0.254445432613817
"415",3.59651338798988
"416",4.14833811971175
"417",5.70155942480632
"418",1.0437217828371
"419",0.99301195702199
"420",6.41776789152506
"421",7.44985905610868
"422",0.756692201959873
"423",2.28301202097603
"424",3.13098411902574
"425",3.53371719613535
"426",5.56778151652229
"427",3.77171426065065
"428",2.74363508775244
"429",0.419687921945357
"430",1.76772633153649
"431",3.8962281842503
"432",2.35065747886797
"433",3.1216864092877
"434",2.04335451704006
"435",5.32931112594049
"436",7.06730942135787
"437",2.92238265063918
"438",2.2975690550565
"439",1.0006488262057
"440",3.19233450436215
"441",3.05032446779089
"442",5.1427585398896
"443",4.06890262228518
"444",4.29414780562164
"445",4.20818946269109
"446",4.18897803201403
"447",3.00286888863066
"448",3.27938452333772
"449",5.41901064766462
"450",2.48864120273046
"451",4.94011935893912
"452",1.80121048837482
"453",6.07665685251107
"454",2.88050692163092
"455",3.38340380184821
"456",2.58050839387137
"457",2.92565902152403
"458",9.45633878956172
"459",3.30198707363277
"460",7.78625103253585
"461",5.49464579167465
"462",8.10856405086838
"463",5.14586951143156
"464",4.48870275312381
"465",2.43131120907411
"466",4.54888126297394
"467",0.690013577282668
"468",2.93787158077327
"469",4.63403252491977
"470",4.93247268755356
"471",1.24737115226865
"472",1.96054323957696
"473",1.90554088775416
"474",12.3750781757615
"475",6.18834863698981
"476",1.42927849357839
"477",3.37638887900787
"478",3.84856450651341
"479",6.56358074991006
"480",5.31573746865451
"481",1.5814206694159
"482",0.601361840923031
"483",4.51193158715336
"484",1.83253037600444
"485",8.3937127689697
"486",6.8744497829838
"487",3.3780143454671
"488",0.878659997189775
"489",2.55387984031361
"490",5.25666425905183
"491",6.34302569489778
"492",5.72807366422251
"493",1.40359917594426
"494",3.73638780804264
"495",8.09711850223897
"496",0.586763937645389
"497",2.61980393206863
"498",2.29283937917032
"499",5.48211782921098
"500",4.77178359529818
"501",1.61977144171834
"502",1.45940257339942
"503",1.64032227360263
"504",2.41291294315999
"505",3.53419004024569
"506",4.75406398029563
"507",1.39143337240583
"508",5.62582768492119
"509",3.47779516130466
"510",1.2848537853618
"511",2.69857954146275
"512",0.851410313023079
"513",4.2391513087856
"514",2.7725106261901
"515",1.9148761179872
"516",2.32321953590423
"517",1.57982030342647
"518",4.35969441295929
"519",3.36097060325822
"520",4.27776590867907
"521",0.738178788475862
"522",4.3169291012093
"523",1.48780583400535
"524",2.36085259925885
"525",1.68176182368046
"526",3.4752333584103
"527",1.22789540360496
"528",6.78091594604488
"529",3.52265382366982
"530",1.7123829197823
"531",0.745566944669676
"532",11.8562702253073
"533",4.73576389545068
"534",0.765903099688647
"535",5.22752541590819
"536",0.268625035931866
"537",5.47946890005362
"538",7.24700973493226
"539",3.90795624927003
"540",7.86880589548251
"541",1.23560580440914
"542",4.20659675797632
"543",5.54821971460682
"544",7.16650321436993
"545",5.10311168545799
"546",5.0917106242273
"547",0.335890384457407
"548",5.95431255894153
"549",5.48292628954503
"550",2.28004936881431
"551",2.65786202792536
"552",4.16689221525431
"553",3.44236060906211
"554",2.0516716108594
"555",6.67565593884146
"556",3.28922965341173
"557",3.33060846813413
"558",4.37878879535463
"559",1.33033653077665
"560",2.48365400305191
"561",1.6835798379679
"562",2.30370594661314
"563",3.13367728118372
"564",0.813099639853343
"565",1.85681320478192
"566",7.41359081681167
"567",2.94252246144102
"568",2.50933093890658
"569",1.16834126959716
"570",4.24351001385129
"571",0.43924942926737
"572",10.6076586875027
"573",5.9496425134754
"574",1.24157552512468
"575",3.14062675115313
"576",5.77195208709247
"577",3.04287985091694
"578",6.96352805783905
"579",2.54334436995113
"580",2.68601301577369
"581",2.31142737228916
"582",2.11626926909341
"583",4.52362601537932
"584",5.03658559349013
"585",5.98737612541083
"586",3.29386036039864
"587",1.90581888991132
"588",6.79843657835507
"589",4.79480926290175
"590",1.43488230992586
"591",1.01917949343934
"592",1.97030528758793
"593",4.02844784903464
"594",1.91417699153957
"595",7.29764041520085
"596",2.78787127438308
"597",1.54135228985355
"598",0.821144936474935
"599",3.38607561449309
"600",0.263223598309147
"601",5.0191353735318
"602",6.18504873682033
"603",5.78692503820048
"604",5.86871952063033
"605",2.11906849147699
"606",7.52249902440051
"607",2.88187901594884
"608",2.29718705374782
"609",5.11552095436795
"610",4.90792135625095
"611",4.32118894584118
"612",9.74314095593841
"613",1.03598458255731
"614",5.32890750803915
"615",6.69175823979458
"616",7.35755623352294
"617",1.4726269820473
"618",3.73771240319715
"619",1.95445358227832
"620",1.36555672325964
"621",1.29378234033769
"622",3.65767118051533
"623",5.40960224597207
"624",8.01348344252457
"625",2.76959826491125
"626",0.73661501974829
"627",4.5422161764827
"628",1.10272971066036
"629",2.6240117373921
"630",3.92423951624518
"631",3.39963760664287
"632",2.05805373775481
"633",0.453504855788333
"634",4.45010071128867
"635",1.49972564784719
"636",0.576404825336061
"637",8.27064167191779
"638",5.0160213272687
"639",0.900247579969887
"640",4.69425905229842
"641",3.31409536219001
"642",2.56394857497501
"643",3.54823623395896
"644",2.08312683908394
"645",14.8107605651699
"646",5.65803275305795
"647",3.54069791875792
"648",2.76075634181152
"649",1.531487138789
"650",6.74210107373785
"651",2.23568426115227
"652",1.52826364573995
"653",8.01403649242794
"654",1.25727144506915
"655",3.95100947623349
"656",3.89440476422847
"657",2.46106257812612
"658",5.31746669673356
"659",2.13255214049129
"660",3.61637245874742
"661",6.02830697475161
"662",13.2236451805253
"663",2.54942940676287
"664",0.563417175193141
"665",2.77858483954427
"666",2.21294567593889
"667",0.888316181899317
"668",3.35951287228499
"669",3.42878553768453
"670",10.0985982439297
"671",2.23775040928458
"672",5.79492853523228
"673",0.720965491600876
"674",2.49022442194143
"675",9.18793486664167
"676",2.38007635678698
"677",0.851360079089205
"678",4.798389925492
"679",5.04881449054665
"680",1.54117276958619
"681",4.57061623988823
"682",1.52485091244555
"683",8.63208567005265
"684",5.50657578729126
"685",2.93290631586991
"686",2.26813609313188
"687",7.05847807487065
"688",4.98424433755875
"689",7.99558853884868
"690",1.07961691584524
"691",5.52161683204138
"692",2.7439754834743
"693",2.31667993829069
"694",1.92046269997374
"695",3.88586565862755
"696",3.45871774142981
"697",4.02962232359509
"698",3.43396995330549
"699",7.7813725496004
"700",4.50855444878377
"701",1.99948688511816
"702",7.20002219844248
"703",1.59101141554987
"704",1.49021675823075
"705",1.43366698446582
"706",1.84936765460178
"707",4.49094326613973
"708",4.59510876957864
"709",8.50426066577262
"710",6.03282373662758
"711",5.03983872478345
"712",6.82674292417889
"713",1.29276530722806
"714",0.865737053047034
"715",1.72683120712693
"716",2.64835853000569
"717",2.36499478910593
"718",9.09187606058995
"719",1.90585537552906
"720",5.87914082313391
"721",3.82955229959942
"722",0.498711238402047
"723",5.08686659259963
"724",3.87143517913318
"725",0.262477984428099
"726",2.66581508017168
"727",4.29459138060675
"728",4.53712924538138
"729",8.97038573936279
"730",3.82797086130176
"731",6.71065704640851
"732",3.95592126264138
"733",2.44593021137786
"734",1.91036595149432
"735",5.70617853866706
"736",1.56000195007666
"737",8.98381337777823
"738",2.56697156479085
"739",4.45761102398919
"740",2.40510408119326
"741",2.37828003606364
"742",0.795807193028879
"743",10.291981165847
"744",2.63427670651321
"745",2.21922648581734
"746",4.22033702638736
"747",4.8870984300719
"748",6.38410215450319
"749",4.52921402621664
"750",6.86094878140204
"751",3.18282250285403
"752",0.676254155286363
"753",1.24741738098912
"754",4.50720179396543
"755",2.76368905333944
"756",2.92710291565331
"757",4.81620307955901
"758",6.87894845643922
"759",5.39056145577749
"760",1.2090713157521
"761",1.65365869674058
"762",4.7258748651426
"763",0.718050998593733
"764",3.18601347136836
"765",12.5548094236853
"766",5.08080851853987
"767",2.9760531982231
"768",6.39205729736416
"769",2.18684692432863
"770",0.80115739111423
"771",3.62697840226271
"772",1.41573288410585
"773",7.52626977287534
"774",5.58509496346448
"775",2.90952577588106
"776",1.42176255001684
"777",8.20734969461482
"778",3.85689398216975
"779",2.0676902138044
"780",5.32883037374275
"781",0.641702857421634
"782",4.82478490390809
"783",0.139782565679093
"784",5.00567203989864
"785",3.50139585509004
"786",1.05849618818934
"787",2.9351275241993
"788",10.6222053114386
"789",3.3801067292542
"790",0.392986086165966
"791",3.8443624328539
"792",18.3029077456231
"793",1.76709971944065
"794",3.14305741599852
"795",2.72913974784616
"796",2.04315102473656
"797",3.59265639682875
"798",5.56943386258661
"799",3.40812295389921
"800",5.09073338889442
"801",0.533861168595715
"802",2.18194937611207
"803",3.22348046613264
"804",3.99936919348126
"805",0.557300030371604
"806",1.1608904112472
"807",4.24929558898568
"808",3.3855581332319
"809",5.37218539141219
"810",1.89852104835585
"811",2.57705202200827
"812",3.63598044122168
"813",2.90675176779316
"814",3.38950631683079
"815",5.42862266104665
"816",5.83263070988601
"817",4.88904653618413
"818",1.94380204025666
"819",2.73846142272818
"820",3.06240368215379
"821",6.64132087082019
"822",4.3669370616101
"823",2.13973750172958
"824",4.00424398271999
"825",2.4499621914709
"826",6.90592452324768
"827",2.8186699962168
"828",8.96662400254859
"829",5.07643343456662
"830",2.81717502018498
"831",1.65933818922224
"832",6.01060941076981
"833",3.24532506969686
"834",1.64245730789742
"835",2.00272667222379
"836",6.03143202723046
"837",6.90269347582398
"838",2.37115504888238
"839",0.291608707937635
"840",3.38984891967925
"841",8.02066519659802
"842",2.81688167632857
"843",8.43291404470295
"844",15.2368471364796
"845",12.3150817221717
"846",8.94534472584563
"847",3.84602328990299
"848",6.08601824807209
"849",2.95964934590257
"850",2.33064598905002
"851",2.41024815319569
"852",3.94137664786525
"853",0.551950300854888
"854",3.67977759578029
"855",2.77482552560136
"856",0.55818526187956
"857",4.63228181919276
"858",4.68036137789633
"859",4.52009308485883
"860",3.5604980276153
"861",3.84083910308705
"862",3.27183829656066
"863",5.35770834046297
"864",1.49598047175396
"865",3.57583730233491
"866",5.36107465789178
"867",1.63932020149449
"868",6.07457223076638
"869",1.9695732478327
"870",1.72148500936201
"871",6.73860319442799
"872",2.43063257335729
"873",1.97706176789472
"874",1.54576960725105
"875",2.30265221695145
"876",3.53611148142423
"877",14.397062051548
"878",3.62727296639994
"879",7.1498016360621
"880",3.17577606858168
"881",1.08645571884784
"882",3.48104841313074
"883",1.3590289299483
"884",3.54163430590088
"885",5.30209984497606
"886",12.1270777763657
"887",7.00292803223863
"888",5.52811905628015
"889",1.493540082266
"890",3.79775624058984
"891",5.11668753779494
"892",2.85726346789518
"893",5.18027368448869
"894",1.42189410946303
"895",5.88706145956538
"896",2.33653260801926
"897",6.00653261268086
"898",6.38609749430983
"899",2.25743311897981
"900",0.947099700567828
"901",4.51123712311098
"902",2.67757625194359
"903",2.97071663214443
"904",2.68032586604902
"905",3.51539014409168
"906",0.489411038050122
"907",3.69063657588851
"908",2.55727873404701
"909",4.55998566922242
"910",0.597918531283942
"911",2.47008603316945
"912",1.40147775196334
"913",1.60022593402064
"914",4.03947495335727
"915",4.51716164975367
"916",2.08735029973143
"917",2.85588878767599
"918",5.37007688735114
"919",2.80120503213014
"920",5.7502248104975
"921",4.76635106653118
"922",6.04367796602712
"923",7.23699529646607
"924",1.257172037989
"925",2.73961620606545
"926",2.19187839076752
"927",2.89504194592323
"928",1.26150046654529
"929",3.90781979189771
"930",6.66131814157038
"931",6.54407609197218
"932",3.91370808809469
"933",1.17857939865073
"934",3.39118065860282
"935",4.17115518802498
"936",5.23750328622291
"937",3.96252803615107
"938",2.57381587878007
"939",6.23194783420957
"940",2.93815646071284
"941",1.98253388075279
"942",4.55745566615045
"943",4.82086718306888
"944",8.98554300359978
"945",1.78205572032506
"946",5.38245590350041
"947",3.8329370879484
"948",6.66474056533306
"949",2.30581142762569
"950",2.38834945281875
"951",3.47025352604046
"952",4.52704069159102
"953",3.50737606185577
"954",1.84922965246501
"955",2.90144225024302
"956",5.58588295535617
"957",3.59808962448796
"958",7.64092106168041
"959",0.893232506457388
"960",3.38383333613305
"961",1.52098221016709
"962",5.38089141877855
"963",5.44207574433266
"964",6.17600796975633
"965",3.99591367098055
"966",0.936061765922267
"967",4.05427306157283
"968",2.23962063890426
"969",3.1308690516229
"970",10.2351583521898
"971",4.20010215113702
"972",3.13746904851417
"973",1.02378141897327
"974",1.36588736432412
"975",7.29949946274179
"976",0.924526158643216
"977",4.08215737374941
"978",2.34064872255093
"979",5.63341271832424
"980",3.32600417451103
"981",5.73676569876917
"982",5.21979460927388
"983",0.754058570038489
"984",4.61181110819676
"985",3.58041095771524
"986",3.72537435775144
"987",1.55637526749593
"988",4.42058166227474
"989",3.25057959369684
"990",4.27903403601668
"991",1.94831327036647
"992",0.505120755589392
"993",6.53269281436925
"994",3.76961208705955
"995",3.23839828005346
"996",4.18560228094825
"997",0.632185612193284
"998",1.3174323989109
"999",5.73772278404367
"1000",1.2675782688486
"1001",9.6269672327943
"1002",8.37944530349115
"1003",0.137017787892874
"1004",2.08051868283492
"1005",2.06547655952434
"1006",1.55210075377173
"1007",11.2815271846789
"1008",8.680363131417
"1009",1.44772829149068
"1010",3.69378593581297
"1011",1.04296848958688
"1012",2.38974109729121
"1013",1.2721538087209
"1014",3.0601183060358
"1015",5.21390346168462
"1016",2.25670220589043
"1017",1.04773680797597
"1018",2.12929716524634
"1019",0.440213211488492
"1020",5.13809888837494
"1021",2.84124740089632
"1022",4.32559003052142
"1023",3.72410643488428
"1024",4.00934294472306
"1025",4.87848970138814
"1026",3.83601239878543
"1027",2.9980874139616
"1028",2.6975528813749
"1029",6.01269396655294
"1030",6.52452025022153
"1031",18.9492333772507
"1032",3.91847778378828
"1033",1.98318635051411
"1034",14.5782578416043
"1035",3.92834403360204
"1036",3.25906348130635
"1037",3.08824061563632
"1038",5.69516562162184
"1039",5.93596930699161
"1040",3.2264560738667
"1041",10.1443167665413
"1042",6.68852943793511
"1043",2.19461778853462
"1044",5.43918675439213
"1045",6.53071552819392
"1046",3.638338347203
"1047",3.17656927035483
"1048",9.55686279580998
"1049",3.37208418631123
"1050",6.39855010376872
"1051",1.83284699635946
"1052",4.73617717603541
"1053",4.23311911244949
"1054",7.53828347665936
"1055",3.89326722547964
"1056",1.45607687975714
"1057",6.43088203904306
"1058",3.17189946887196
"1059",10.294395708759
"1060",1.40703314279234
"1061",5.08937312334549
"1062",3.84504547959701
"1063",8.32871106600174
"1064",1.40969060354407
"1065",1.90523627071746
"1066",2.0579473525296
"1067",3.33480613964225
"1068",2.34982733968673
"1069",1.55573883998873
"1070",2.47830456041969
"1071",2.94549443696652
"1072",1.39566235444154
"1073",3.82163527273108
"1074",3.97809119952648
"1075",7.72841601488807
"1076",4.15498068956385
"1077",3.76525694194335
"1078",1.63145735764944
"1079",5.83539149933378
"1080",5.09072563948996
"1081",5.78144617137603
"1082",2.92308949098387
"1083",6.58888264738294
"1084",4.93212495344838
"1085",2.27645135277477
"1086",1.91281087162113
"1087",3.59979885190199
"1088",1.13806527448845
"1089",2.57195914093871
"1090",4.18270606252513
"1091",4.51313863272364
"1092",3.08618029144297
"1093",0.926995165116829
"1094",2.69589670012403
"1095",2.77057070076491
"1096",3.86535289734564
"1097",7.63388002644635
"1098",7.91338104513599
"1099",4.353690219855
"1100",3.54013066944511
"1101",2.38172677929892
"1102",5.11030194116496
"1103",5.8891253658673
"1104",4.81098747884245
"1105",6.37255678174113
"1106",2.30041487677181
"1107",1.92757943391194
"1108",1.60977162168252
"1109",2.99406098647483
"1110",3.84510234929613
"1111",2.14763490985354
"1112",3.83359434545121
"1113",4.68100674513447
"1114",2.94279867286125
"1115",1.3642695953544
"1116",3.18434002146838
"1117",0.714541551858862
"1118",1.93885508050616
"1119",3.56045241545507
"1120",2.0830303445707
"1121",1.86273137463108
"1122",1.52712954180327
"1123",1.59517871750523
"1124",2.70352156291723
"1125",3.57367567297925
"1126",2.34850862617711
"1127",1.58305394376887
"1128",3.76188084784464
"1129",2.39232464209113
"1130",1.7125674377877
"1131",5.89530069515557
"1132",1.63280893014072
"1133",1.15759324124834
"1134",5.28592182187325
"1135",3.35841503831983
"1136",3.73696127948078
"1137",1.86083990105419
"1138",0.858181563544236
"1139",5.00646744596925
"1140",0.5386003055612
"1141",2.72620867105557
"1142",2.99533036943517
"1143",2.11936707193781
"1144",4.0477381307714
"1145",7.67615959588072
"1146",2.40776120349545
"1147",0.722441002726185
"1148",1.25875254095853
"1149",2.79416964003327
"1150",1.99011900955055
"1151",5.48952211643265
"1152",1.24328418160876
"1153",3.93500050099479
"1154",0.609017762474527
"1155",4.33798027859865
"1156",0.89610035326046
"1157",3.55689281889468
"1158",2.4413001159318
"1159",9.82390605759892
"1160",0.791639694731954
"1161",0.359650636043888
"1162",7.92950625368092
"1163",7.22171323599431
"1164",2.32209516136466
"1165",6.99011319874919
"1166",1.03525108349861
"1167",5.8684498077197
"1168",3.11597877224296
"1169",5.09043966340217
"1170",2.5058313850841
"1171",4.71675023960916
"1172",1.62462233514238
"1173",7.44529122872414
"1174",5.82429435632376
"1175",5.79279662176208
"1176",5.4159037765794
"1177",4.57352840974221
"1178",3.97049639192567
"1179",2.97398467605911
"1180",4.03872221010029
"1181",6.12319312860725
"1182",4.1765876136976
"1183",1.81595418324689
"1184",3.72318655332581
"1185",7.68962288532442
"1186",8.93610839546584
"1187",9.76485166087207
"1188",1.40574421844879
"1189",5.72052774603054
"1190",0.336119926285741
"1191",7.97544354724883
"1192",5.99811608508155
"1193",0.750849665408023
"1194",4.32663863551827
"1195",1.62866535732523
"1196",6.33149543154392
"1197",6.29420817513864
"1198",3.49555548209939
"1199",3.38891778549027
"1200",2.4371157947725
"1201",7.86005366155408
"1202",6.2377331926486
"1203",1.71293509386088
"1204",3.62583124784845
"1205",2.64224119973658
"1206",2.97513139607244
"1207",5.26531858462046
"1208",3.48991990620794
"1209",4.07862630128079
"1210",3.77692095709374
"1211",2.87785142207764
"1212",4.1639225573021
"1213",2.41390177331813
"1214",1.38432264713578
"1215",10.1863517317887
"1216",6.39900734941945
"1217",5.23351607553848
"1218",2.60196161090829
"1219",9.49385163939591
"1220",2.54713393982185
"1221",1.06169574305743
"1222",4.93302523808411
"1223",2.18221915130143
"1224",3.59234709789539
"1225",2.33658417211338
"1226",2.69292762859229
"1227",0.899724549822493
"1228",3.50538156742755
"1229",5.84138983008994
"1230",2.45981900378513
"1231",2.56545780721096
"1232",8.14765871642343
"1233",3.57084580990179
"1234",0.862350175756751
"1235",0.938054645979052
"1236",11.6518232213728
"1237",2.29693245761553
"1238",3.81004832429069
"1239",1.74739453239599
"1240",1.46564281791505
"1241",1.77789479640267
"1242",12.4813879541141
"1243",2.90793230176352
"1244",1.28167093494017
"1245",2.50809310901229
"1246",4.05251640052014
"1247",6.93294970610804
"1248",1.27570130448231
"1249",5.58643935770704
"1250",0.653036689436562
"1251",2.58538268121622
"1252",3.16906094037009
"1253",8.2551418641639
"1254",4.1758738753953
"1255",4.39684514357966
"1256",0.787624868120967
"1257",3.74829438823832
"1258",8.23694771343231
"1259",3.40250639378785
"1260",1.05314034479011
"1261",2.25373309438501
"1262",0.840398286901617
"1263",3.28352747379634
"1264",0.958998018163633
"1265",1.91373997462115
"1266",8.75697873761974
"1267",3.35029228929553
"1268",9.71093275699527
"1269",3.12247002623428
"1270",4.22615208417291
"1271",3.07806558353921
"1272",3.38134621616838
"1273",4.41601188942072
"1274",1.94645365069924
"1275",9.83529426003649
"1276",4.41102171858719
"1277",1.95432939519361
"1278",2.97704202311111
"1279",2.88977214010038
"1280",2.06791716467653
"1281",1.21270351844028
"1282",4.10821638931666
"1283",6.27902265425783
"1284",8.36098846923325
"1285",3.04137759352015
"1286",1.98902594282511
"1287",1.85596883271366
"1288",4.59315835960031
"1289",3.91428752817562
"1290",2.4533423038611
"1291",7.60715253928515
"1292",1.92425678207628
"1293",2.68512367849581
"1294",4.67061494223935
"1295",7.5727759663297
"1296",4.28564351680099
"1297",0.535973697727354
"1298",4.01336183561319
"1299",1.03284964221879
"1300",3.11777020435662
"1301",3.0548460705148
"1302",5.1666301536835
"1303",4.39091318008816
"1304",2.80004098192088
"1305",7.36701584878567
"1306",8.42578839599076
"1307",1.49756210601031
"1308",0.960118582476847
"1309",0.73737722337818
"1310",4.75724735924882
"1311",0.892840756981395
"1312",4.00134832325742
"1313",2.20533326915185
"1314",6.93027046405006
"1315",2.19900774154816
"1316",1.50919531297824
"1317",8.51610400510257
"1318",4.08086138976355
"1319",5.16596207618479
"1320",8.60537202317162
"1321",1.61498895446835
"1322",3.78423943068138
"1323",13.5845848236808
"1324",2.95567360828368
"1325",3.12797546781695
"1326",0.461677475396783
"1327",11.9463230645282
"1328",1.34666240560233
"1329",6.87714981038986
"1330",0.521248416598029
"1331",2.54831708877892
"1332",1.66901083094878
"1333",3.93114149540011
"1334",5.61898327181602
"1335",2.53424090636147
"1336",8.45577777138097
"1337",0.85813034491912
"1338",5.34817390838293
"1339",4.623597288949
"1340",2.22181435651551
"1341",2.25322396953128
"1342",0.969799182424723
"1343",0.920945867222447
"1344",8.93525843733215
"1345",5.86937526156648
"1346",5.46704236655231
"1347",2.71999491164897
"1348",0.797161000875076
"1349",1.7683071760496
"1350",1.29773332935388
"1351",1.40276044390791
"1352",4.69373234737209
"1353",8.07879698974146
"1354",2.67403197923751
"1355",4.83930719749522
"1356",1.21630057456635
"1357",1.70217368504126
"1358",0.849140712350095
"1359",2.1875658785465
"1360",0.401994775066532
"1361",1.62793317560667
"1362",0.702797819034463
"1363",1.89911335298982
"1364",3.84906697025564
"1365",9.18991737645809
"1366",4.78535364969642
"1367",0.441873708100678
"1368",3.59037830974846
"1369",5.66958979561727
"1370",5.10150459054201
"1371",2.68133285901663
"1372",1.50658807287146
"1373",6.59124177565789
"1374",2.99264293615588
"1375",3.60116923781954
"1376",1.92681208488278
"1377",4.72358087982305
"1378",1.3780533620516
"1379",3.15914268376261
"1380",6.53298020748659
"1381",0.86109159003856
"1382",1.30134545968388
"1383",5.70145726648566
"1384",0.254972165195352
"1385",4.23829438036746
"1386",7.42394817352184
"1387",7.08929732109005
"1388",2.87707913004421
"1389",4.51257406018735
"1390",2.1101380683334
"1391",4.1754286960608
"1392",2.89893541646559
"1393",3.69034089266149
"1394",4.21493593808423
"1395",7.60367068225933
"1396",3.49900551400909
"1397",4.16856751097836
"1398",3.26240594822749
"1399",3.28362409868589
"1400",4.29336909518304
"1401",6.7352706744521
"1402",1.91882794227586
"1403",1.91638582454821
"1404",3.99988979922744
"1405",0.545706756546745
"1406",1.9365607386484
"1407",2.96678777911998
"1408",1.30215109069997
"1409",2.28404832967083
"1410",2.63213589523199
"1411",3.27201609248101
"1412",4.09741733034824
"1413",0.976790681283979
"1414",2.55999402419625
"1415",5.27886015867268
"1416",2.66435832172885
"1417",1.80905117931704
"1418",3.24405189641218
"1419",3.93974171398533
"1420",5.91273786049245
"1421",3.77283514987434
"1422",2.35080738096205
"1423",6.05164254051985
"1424",10.9502329373293
"1425",3.64865430778503
"1426",2.94938733933085
"1427",1.67154062894774
"1428",6.81637399520777
"1429",1.82158298313124
"1430",6.27979796804743
"1431",3.28223139824055
"1432",2.96991631513813
"1433",5.08903283190996
"1434",3.57948637408609
"1435",4.07600763711246
"1436",3.99303306870235
"1437",8.37379808628916
"1438",2.97007900042313
"1439",4.01757319943631
"1440",4.89718452554313
"1441",3.67651375542102
"1442",7.27354169692068
"1443",1.01669091435984
"1444",3.38349956599137
"1445",1.68815923866289
"1446",1.60383443275598
"1447",4.47737854123965
"1448",4.12349756460426
"1449",3.69814844942467
"1450",1.99959471955586
"1451",1.68370941565068
"1452",11.4878726851393
"1453",2.16887984004406
"1454",3.4300263601742
"1455",4.50926571525793
"1456",1.95676875369607
"1457",2.97574154428171
"1458",5.42274284776471
"1459",5.85815318307223
"1460",4.67824273924471
"1461",5.11392846499151
"1462",4.12151194869876
"1463",2.28847061005782
"1464",1.68270042932997
"1465",0.976040322877557
"1466",5.12080954564222
"1467",0.448365406272214
"1468",12.1965816453515
"1469",1.579669074217
"1470",3.0712348490079
"1471",1.19436061333272
"1472",0.932023797238047
"1473",2.53972638614613
"1474",0.18405808222798
"1475",4.77557729233314
"1476",2.20068582342028
"1477",6.18890353081184
"1478",4.28585178323862
"1479",1.626149802068
"1480",2.94873251301412
"1481",0.820036169447243
"1482",6.40357306383677
"1483",2.31703330862883
"1484",4.02607575786943
"1485",2.99727467974047
"1486",4.66638841028537
"1487",3.4869491770554
"1488",3.14645033044077
"1489",4.78653549031949
"1490",4.02326879025892
"1491",3.08602326297947
"1492",2.41614499372179
"1493",2.38165481726983
"1494",4.63079148474244
"1495",6.50455592340295
"1496",2.15287686883664
"1497",1.10841699479043
"1498",6.23271497112929
"1499",3.99497524416839
"1500",18.2683846275045
"1501",4.90885757127275
"1502",0.627161149028596
"1503",4.19541171326355
"1504",3.19659648359696
"1505",5.19074924855251
"1506",4.75035691746748
"1507",4.2356533036783
"1508",5.32744613328599
"1509",5.93206122680293
"1510",2.48649478662299
"1511",4.46593609186
"1512",2.24798929888944
"1513",0.552563731356204
"1514",4.58863587753849
"1515",5.76774571073433
"1516",1.75084396305667
"1517",1.71367011922701
"1518",6.33051252285851
"1519",2.17226934595121
"1520",4.52720086043021
"1521",2.00196978108452
"1522",5.58795242923128
"1523",9.63805281817776
"1524",4.0164111151028
"1525",2.94682292739746
"1526",3.06062858160414
"1527",4.63178919509872
"1528",1.6651419765774
"1529",1.74812487125469
"1530",4.7414770772336
"1531",2.76606356890674
"1532",7.14101617841618
"1533",7.44668381181301
"1534",5.2796918140577
"1535",4.28458314241763
"1536",1.16358233316543
"1537",1.55721747444496
"1538",6.72028604105478
"1539",4.94906796682376
"1540",4.62627846277115
"1541",3.5117042649774
"1542",2.68253046569207
"1543",4.40705642941959
"1544",1.69633586308941
"1545",3.40712458620543
"1546",1.98392488882351
"1547",4.58759813818704
"1548",3.1961046442585
"1549",6.34293056804606
"1550",9.07937075179192
"1551",5.31365029573668
"1552",3.84138889719817
"1553",3.84116240830066
"1554",3.60103283356063
"1555",3.27895416503358
"1556",2.44891509358154
"1557",5.00528106402452
"1558",2.90484847592783
"1559",2.50812787114841
"1560",1.21858836500174
"1561",4.10713158682075
"1562",3.63867948736723
"1563",2.02267928106816
"1564",3.72581875887174
"1565",2.77921425011468
"1566",3.32040092129123
"1567",5.72262041077078
"1568",3.59606474448616
"1569",8.77279021787733
"1570",2.2313662579052
"1571",3.09750983408249
"1572",3.06232666489549
"1573",2.83342571621132
"1574",2.22359191310775
"1575",0.674598722045965
"1576",2.97626303905968
"1577",6.57007747840391
"1578",4.68992451806233
"1579",1.17946389644103
"1580",3.62145236700132
"1581",1.72228539582501
"1582",9.75004471215452
"1583",6.66523701280677
"1584",0.856796189624292
"1585",6.98332735094815
"1586",4.03951691893463
"1587",2.39904067147734
"1588",3.22943194900568
"1589",3.02953974204877
"1590",2.88495792507822
"1591",2.21361957107607
"1592",0.0584394543318802
"1593",2.04976885784076
"1594",4.3581557106637
"1595",2.36849861165119
"1596",2.79012245197909
"1597",7.74045556570183
"1598",3.87634818470845
"1599",3.63125892426506
"1600",2.17862614578842
"1601",2.19189449752086
"1602",2.68743236789564
"1603",0.350314256671001
"1604",2.50199901778186
"1605",3.73152065076212
"1606",3.4792076843509
"1607",2.77695906712574
"1608",3.08147080805623
"1609",2.50910023233592
"1610",2.90528663561758
"1611",2.85794037394709
"1612",2.72901210007526
"1613",2.91494160437816
"1614",0.94694549295431
"1615",2.75600460205846
"1616",4.47232406057632
"1617",2.84969908570327
"1618",1.03008587817447
"1619",1.72701604029217
"1620",7.25300931132391
"1621",3.02399254307499
"1622",2.61478441080686
"1623",4.52895999724956
"1624",4.18856994818366
"1625",2.98612515741377
"1626",1.49659659016655
"1627",3.48681946214891
"1628",2.7716843248716
"1629",2.26056639014714
"1630",4.44448292123422
"1631",1.43496088119709
"1632",1.58405502832868
"1633",5.72695369450431
"1634",4.64016434869335
"1635",1.6242993644595
"1636",4.70368411047686
"1637",3.5808593165303
"1638",2.10949300433103
"1639",3.23262679055654
"1640",5.10286098157105
"1641",10.9966677099675
"1642",4.69554311267344
"1643",2.4189915233492
"1644",9.44645684950821
"1645",4.03942465395386
"1646",0.903077873091614
"1647",3.49898497983743
"1648",3.44286450964858
"1649",7.70483165750907
"1650",5.54592128056442
"1651",2.5099879526264
"1652",2.30290868110088
"1653",1.57807696638019
"1654",7.94818597874502
"1655",6.24049388525635
"1656",3.96004961272047
"1657",0.786399761844515
"1658",2.67302003018113
"1659",1.83811010846826
"1660",3.25857461422696
"1661",5.97534250096962
"1662",1.6731436179307
"1663",1.24070407609186
"1664",3.07073447950103
"1665",3.03708890200061
"1666",3.73099998466998
"1667",4.14015890417568
"1668",2.75977020401506
"1669",9.61351116270613
"1670",5.8830745334919
"1671",1.7456976949602
"1672",3.95100937237403
"1673",0.47998842616306
"1674",0.919530488150147
"1675",3.3593247562234
"1676",4.95594887807057
"1677",2.645545848086
"1678",3.90048248842568
"1679",4.35589864276001
"1680",4.41194343724755
"1681",1.67594719712597
"1682",6.64054173488105
"1683",7.49737517777034
"1684",3.13772635332382
"1685",2.05835574384932
"1686",3.7694056871257
"1687",3.01989278849323
"1688",0.901116168295949
"1689",4.95087416753079
"1690",4.78476324993117
"1691",1.17963882649082
"1692",2.55825374963718
"1693",3.96275190832507
"1694",7.21993962370894
"1695",2.88558735303937
"1696",2.22624908584864
"1697",3.31461006329639
"1698",4.39515093959064
"1699",4.28913729207672
"1700",2.05145999422613
"1701",5.13269695175076
"1702",1.11814681434094
"1703",4.52106467855531
"1704",5.4567201465765
"1705",0.495106172569898
"1706",0.922800297362766
"1707",3.29456719861579
"1708",2.95641406404107
"1709",1.82637568833356
"1710",2.76977500816277
"1711",3.76781997111475
"1712",1.62584922374337
"1713",2.96814139914461
"1714",6.94001005859285
"1715",3.71381797740253
"1716",2.51886446703298
"1717",2.8259180953845
"1718",9.49029170112699
"1719",0.97753711038088
"1720",1.00108808898436
"1721",1.04220812911606
"1722",2.72218761855389
"1723",5.15116531955038
"1724",4.46467327535512
"1725",4.09258567851742
"1726",2.00295393086285
"1727",6.91690145850813
"1728",2.91082267988931
"1729",2.94020135601472
"1730",4.33108571554449
"1731",5.8629443331012
"1732",3.66539000075643
"1733",2.22519275495677
"1734",3.48737905319839
"1735",3.64524767992518
"1736",8.21561104057152
"1737",7.2260794051448
"1738",3.10911530820014
"1739",2.68235223690174
"1740",8.37584080614372
"1741",5.0955021076623
"1742",3.08121432986534
"1743",3.73589919632877
"1744",4.31340813218772
"1745",6.14202679907832
"1746",2.82808209830706
"1747",1.24061354356218
"1748",4.78761244433136
"1749",3.05754815946115
"1750",0.985069967993172
"1751",2.00516627893239
"1752",7.2442902938697
"1753",3.22419888920315
"1754",1.88326278628644
"1755",4.7866522736045
"1756",4.01374526718449
"1757",1.31938601550152
"1758",1.69311207297023
"1759",7.41945908351558
"1760",5.25456388370125
"1761",4.59501093422317
"1762",3.3574210744223
"1763",2.45846897827597
"1764",2.15963528301101
"1765",3.46661207785979
"1766",7.37491753135137
"1767",5.42103005433547
"1768",2.56575026336314
"1769",1.69247194842808
"1770",2.08934922196795
"1771",8.98681867864726
"1772",1.06816604973341
"1773",2.20686651572646
"1774",3.72645320108201
"1775",3.17177342263582
"1776",4.14336235822676
"1777",1.61118525799779
"1778",3.29659134793098
"1779",2.78763882152701
"1780",0.664737077374876
"1781",3.61859816644206
"1782",5.33246791571297
"1783",1.52637789359857
"1784",3.08953033201473
"1785",1.98403387469509
"1786",9.40575972727362
"1787",3.90532190640789
"1788",2.76585512824571
"1789",2.64350677134768
"1790",1.84128858801744
"1791",3.43477968147663
"1792",1.29043998277938
"1793",3.68457817627727
"1794",5.19470694098123
"1795",3.01476332905787
"1796",8.22689663705014
"1797",2.5439866402915
"1798",5.00762134148153
"1799",3.85311317442844
"1800",1.43567576360077
"1801",4.53051290459495
"1802",3.25942225921408
"1803",1.61290170540755
"1804",4.05788048878512
"1805",1.27450981897511
"1806",4.95104002447034
"1807",0.665280362783641
"1808",3.74112191114392
"1809",5.44829383026638
"1810",3.43236179786485
"1811",1.37128847639743
"1812",3.56368632981935
"1813",2.70229158499799
"1814",2.96227502907571
"1815",4.1424943983678
"1816",5.53969852227687
"1817",1.91308536085579
"1818",2.74352192513069
"1819",6.95415348967685
"1820",1.93480517607331
"1821",6.0206661440159
"1822",3.71455188885929
"1823",7.15544610651144
"1824",4.30077068046509
"1825",5.73133765584896
"1826",3.1218112672041
"1827",3.19149397381439
"1828",5.08727044334698
"1829",1.47581203433186
"1830",1.43707589065856
"1831",0.136083186442137
"1832",7.61659163107183
"1833",2.15562654297004
"1834",4.2402969338925
"1835",1.93202814309446
"1836",4.21474188610728
"1837",6.30774594340469
"1838",1.48111544568075
"1839",2.72550501092605
"1840",0.876626196187286
"1841",6.66682563649594
"1842",1.6600284797029
"1843",5.884971796298
"1844",4.03674723148421
"1845",8.75920138311171
"1846",3.63959294190202
"1847",2.86271138275336
"1848",3.33412948670158
"1849",3.18330043275107
"1850",3.79753242524476
"1851",0.885333269734552
"1852",6.97763574882697
"1853",6.78965637168851
"1854",2.82402085144744
"1855",3.60300941300523
"1856",2.09659469679867
"1857",2.81435323452784
"1858",1.2088954989008
"1859",4.23467956204159
"1860",3.96179838381536
"1861",1.97896442690832
"1862",1.32842494276944
"1863",3.39842072347029
"1864",2.89970611510412
"1865",2.77155612966622
"1866",2.98303570784663
"1867",3.80769590264242
"1868",1.48342958242761
"1869",1.56221773920441
"1870",10.0197365353487
"1871",2.76483713324397
"1872",2.54812624457574
"1873",1.48772869114091
"1874",1.6574645705081
"1875",5.71586951396787
"1876",0.887482433347494
"1877",6.26024845643364
"1878",3.71182756229355
"1879",1.66937126699022
"1880",4.63397361313223
"1881",0.751805182798978
"1882",6.04562452445216
"1883",6.91061913929985
"1884",7.45681438438866
"1885",3.97847113271789
"1886",4.18518788099767
"1887",1.4669987840768
"1888",4.18221975397676
"1889",5.13042431695599
"1890",2.06728331613335
"1891",4.38040759631305
"1892",3.99334802118813
"1893",2.43992531494666
"1894",0.194493875042338
"1895",6.31942738200669
"1896",5.30304516696318
"1897",1.51745285846983
"1898",3.22468724883791
"1899",4.79650361847442
"1900",2.78516087099102
"1901",0.610944090963986
"1902",3.37349778619891
"1903",3.52424085478321
"1904",2.86309205253609
"1905",4.68774677236334
"1906",5.20409247006544
"1907",2.98940185736297
"1908",4.64277737099127
"1909",0.936223041667263
"1910",1.54162308725637
"1911",2.45782433671718
"1912",1.18838959495168
"1913",4.53203630003175
"1914",2.58504184620121
"1915",2.10568958828454
"1916",2.68097116859898
"1917",2.41905030814135
"1918",4.9116811155935
"1919",0.831161181870133
"1920",3.31937483407508
"1921",4.92046872005268
"1922",2.1903664526684
"1923",2.35375113459814
"1924",6.32156040009212
"1925",2.16406179356568
"1926",5.15598607668395
"1927",2.79448831252806
"1928",6.36876262802855
"1929",3.61942616209045
"1930",0.636435143645362
"1931",8.8603957600503
"1932",1.64912587900146
"1933",3.96551383486758
"1934",6.13462436327508
"1935",2.88207805104882
"1936",2.55083828257615
"1937",3.59990073859319
"1938",6.07699160831664
"1939",4.57359672794995
"1940",5.34222060772097
"1941",1.29281189350439
"1942",6.69371515947984
"1943",2.16352713500966
"1944",2.44886471634537
"1945",1.30503184092874
"1946",2.26563171053219
"1947",2.785896020393
"1948",1.59685543869582
"1949",4.61968174484572
"1950",2.27915293959231
"1951",0.72634235782768
"1952",1.86170391539353
"1953",4.36306497529712
"1954",1.23634732151922
"1955",1.88157895812056
"1956",5.04975917782062
"1957",6.39973812595207
"1958",2.60978961039269
"1959",4.16083135122397
"1960",3.88297332175177
"1961",2.51655351515832
"1962",2.39430255710752
"1963",2.82096547394817
"1964",4.37245813978884
"1965",2.05046903501847
"1966",3.1738369732273
"1967",1.62443745809175
"1968",4.6286330753711
"1969",7.34198885234974
"1970",4.15521420818556
"1971",1.62896522160499
"1972",2.34213665718253
"1973",3.06094092938665
"1974",1.73688780785887
"1975",0.615064977705957
"1976",0.410299004931404
"1977",8.74469606204475
"1978",3.17177844022087
"1979",3.41113786748282
"1980",2.23322931838909
"1981",3.38799219991956
"1982",2.37089083244486
"1983",1.60445620535888
"1984",2.86150076061119
"1985",3.56552405550426
"1986",6.05216598289334
"1987",5.18089109135368
"1988",6.01884990217991
"1989",4.6455901133839
"1990",4.53331130699853
"1991",3.78486296071942
"1992",4.31762650489389
"1993",3.05627274368682
"1994",3.80903201479171
"1995",5.07336971638549
"1996",3.18468648918492
"1997",5.4652520597498
"1998",1.20220832880317
"1999",4.51068829894263
"2000",3.14806642673819
"2001",0.794785420952062
"2002",2.03848759547499
"2003",4.97392879497398
"2004",5.67361797242358
"2005",3.73616281196436
"2006",2.99799271223659
"2007",2.56362341310442
"2008",6.95621565746073
"2009",2.66532802076016
"2010",1.67525823490725
"2011",1.84218238523904
"2012",0.649226398819514
"2013",3.88016270872264
"2014",1.23293723131627
"2015",9.67846213307173
"2016",4.4044731059841
"2017",7.08109273479944
"2018",1.56755830211477
"2019",2.72626079392031
"2020",3.83210795548174
"2021",9.61042781337884
"2022",0.331400889826606
"2023",0.39760838480532
"2024",4.7833934142665
"2025",9.62643582824853
"2026",6.19146716483329
"2027",1.67929898544833
"2028",1.70230510568653
"2029",0.385973143885016
"2030",9.35256109694148
"2031",0.69647635286804
"2032",1.61245596745591
"2033",5.22062734207673
"2034",3.11168502683005
"2035",4.24651126454033
"2036",11.9963765302872
"2037",5.8740104059428
"2038",2.80134654712145
"2039",0.732653640374715
"2040",5.09533744973391
"2041",9.28651684670798
"2042",5.52338500210223
"2043",1.11270103381877
"2044",2.81825148210511
"2045",0.912993812035747
"2046",5.72317660553916
"2047",1.75371149043534
"2048",5.56487587088448
"2049",3.49600770977369
"2050",2.7267629318775
"2051",11.0409155738622
"2052",7.44172174939337
"2053",1.74839809307097
"2054",6.03772704611688
"2055",0.0844960852726063
"2056",1.34821712873242
"2057",4.16280951937026
"2058",1.1371882271646
"2059",6.35807761062143
"2060",2.17144218941658
"2061",3.64472981631947
"2062",1.21584901256734
"2063",3.90431712785789
"2064",3.05572067048
"2065",0.27854197447932
"2066",5.99663853055525
"2067",0.708297337192572
"2068",4.87072362850911
"2069",2.31852174471877
"2070",4.34323429656275
"2071",5.3117249430586
"2072",3.32364081209437
"2073",11.0106731434138
"2074",1.40293554783938
"2075",0.906829573239612
"2076",5.47759306870648
"2077",2.50615266218651
"2078",7.12087436600287
"2079",3.80137234167604
"2080",6.27510092870198
"2081",3.32710649835471
"2082",15.1300573587297
"2083",4.26360020717435
"2084",0.359689793184606
"2085",2.39102507439712
"2086",4.98079493738462
"2087",2.74425857862035
"2088",5.47518141646148
"2089",5.30463526830273
"2090",2.47797932438983
"2091",0.537886417750367
"2092",2.66278960561655
"2093",1.0662228213171
"2094",4.25932443422178
"2095",4.17685453810792
"2096",3.72326870309297
"2097",4.3166541637417
"2098",8.3180006328817
"2099",1.87357492813462
"2100",3.71507526266435
"2101",1.73855763524067
"2102",1.73287871190593
"2103",7.96839641602996
"2104",4.27794345023707
"2105",2.02313725104795
"2106",0.568259252899215
"2107",8.1334073730337
"2108",1.67520791058098
"2109",0.321820751370878
"2110",2.73302906320355
"2111",2.46348529188376
"2112",5.65273142746259
"2113",3.97231437349412
"2114",2.57747549707017
"2115",1.94041413437081
"2116",2.39547395126617
"2117",4.89164241866684
"2118",3.73777109014897
"2119",1.11362527671076
"2120",1.97531450428952
"2121",6.74449551192053
"2122",1.3865348413669
"2123",7.33343089103342
"2124",2.59122681860619
"2125",8.56646035764894
"2126",2.63017128939247
"2127",3.39824185791209
"2128",3.81686834081331
"2129",3.28507182371148
"2130",4.18490577595368
"2131",3.40192139257131
"2132",4.45850002826896
"2133",9.2554412461007
"2134",1.66066774341417
"2135",6.439432013026
"2136",2.17828137369224
"2137",1.21347773353335
"2138",4.57350789738617
"2139",0.102353024943491
"2140",1.9626615390109
"2141",0.453600366175142
"2142",2.35717009931287
"2143",7.86920128814883
"2144",6.57824761979277
"2145",3.29309561295405
"2146",1.43084486224991
"2147",6.17827664204304
"2148",5.17474790317719
"2149",0.717437920937085
"2150",2.86591598134928
"2151",0.987310284674106
"2152",4.16814007041845
"2153",5.91425077766507
"2154",4.72770403689734
"2155",6.10379128689853
"2156",2.16466611868581
"2157",2.59306704073819
"2158",0.701415387919398
"2159",3.49607063286673
"2160",1.68197758715782
"2161",5.25016941880568
"2162",2.26082112536609
"2163",4.60385583610747
"2164",7.6737471774475
"2165",3.98081421121167
"2166",1.86656174864887
"2167",5.80985070278897
"2168",1.24981179937238
"2169",4.70732289562739
"2170",2.54065883632357
"2171",6.27810547294095
"2172",4.20565874423178
"2173",0.661956676164828
"2174",7.82815830931078
"2175",1.22943867113765
"2176",5.29306715831778
"2177",0.457728266998871
"2178",4.99935682750805
"2179",13.3662634420315
"2180",5.66232859969358
"2181",4.210517131787
"2182",3.28744845655823
"2183",1.33428443250504
"2184",1.33986739434052
"2185",4.39647579838365
"2186",3.33545441771174
"2187",2.89509187605987
"2188",1.77454173451723
"2189",0.996286419758409
"2190",0.542258739433821
"2191",4.81703643902654
"2192",4.3088791499654
"2193",2.75119817385803
"2194",0.285096385514791
"2195",3.24141272151258
"2196",6.5151643851883
"2197",3.94140069595753
"2198",3.29986665848929
"2199",8.44279925153604
"2200",3.6505265983489
"2201",7.34405326581484
"2202",3.05100541733973
"2203",0.653194096949804
"2204",3.7880965970322
"2205",2.62872258362354
"2206",5.95659339537065
"2207",4.06875699822541
"2208",6.78937163427747
"2209",2.75027183704379
"2210",0.520153608223831
"2211",2.13366917772338
"2212",1.36672944048697
"2213",7.19599714709864
"2214",3.43226848132382
"2215",6.2212989475281
"2216",5.7534451479505
"2217",2.3045891378577
"2218",2.65113806285992
"2219",3.1384461285835
"2220",7.3754512868399
"2221",4.56094807279098
"2222",6.21302106945554
"2223",0.947507661936398
"2224",6.67406520985798
"2225",2.7791118422119
"2226",1.24671577834229
"2227",1.56689474320197
"2228",3.76121975166623
"2229",1.3058131368793
"2230",4.08620719534241
"2231",4.56678463060973
"2232",3.91278368630267
"2233",5.45692726421747
"2234",2.19008085073906
"2235",3.92892908401385
"2236",3.5146168652335
"2237",2.56015864843672
"2238",1.11783171972683
"2239",1.22199945199308
"2240",9.27096552389988
"2241",1.01761897624958
"2242",4.24237031195223
"2243",4.41626306976131
"2244",1.27971862574261
"2245",6.67705244865638
"2246",5.00975397630341
"2247",6.32497814568056
"2248",4.32416955517886
"2249",1.37246921204602
"2250",2.66355105191983
"2251",8.00547733668739
"2252",1.10116089634793
"2253",3.29068051622213
"2254",1.17143933038947
"2255",1.01435551633909
"2256",4.36918227708884
"2257",12.8585816639493
"2258",4.06631894931432
"2259",6.84338099872039
"2260",4.04154998643908
"2261",4.53626452563593
"2262",6.45187424050005
"2263",4.07388825566465
"2264",3.50308864362348
"2265",1.95178137459166
"2266",9.39722974406395
"2267",2.80182193225968
"2268",5.92531642075474
"2269",1.78808517107433
"2270",7.82739088415374
"2271",4.27892384867671
"2272",3.54642229640239
"2273",1.03327810341884
"2274",6.49179400218332
"2275",5.61371958058976
"2276",3.89279744228198
"2277",5.25336055513999
"2278",1.03163173302775
"2279",2.20000275046286
"2280",7.93150976809142
"2281",2.98032552038638
"2282",5.98488366427872
"2283",5.23384925926868
"2284",2.13256337606894
"2285",2.5526151105786
"2286",2.69348439120385
"2287",3.26006143931701
"2288",6.62358320694718
"2289",5.74321082943931
"2290",1.28394611339808
"2291",6.72802977858389
"2292",4.68064957858036
"2293",4.14575348642123
"2294",5.38103853966311
"2295",6.00865615423767
"2296",4.01056735049561
"2297",4.65784351032748
"2298",2.89255357658832
"2299",5.71939885810558
"2300",3.43481159554671
"2301",1.34358941846844
"2302",3.35682118431941
"2303",0.508649903706897
"2304",2.95827063066879
"2305",5.87999853012247
"2306",5.30643119414621
"2307",7.49408359597135
"2308",5.34245859041254
"2309",2.4703844773472
"2310",4.7339001245921
"2311",5.45686587862283
"2312",3.92700634912853
"2313",5.14995534757111
"2314",5.22179848859318
"2315",2.63067338276273
"2316",2.3947978627278
"2317",2.88682231676176
"2318",8.64444048356012
"2319",6.64610329263495
"2320",4.47817459298285
"2321",2.39055474476985
"2322",3.63600456368354
"2323",0.52706068075527
"2324",2.85695270499719
"2325",1.90699412824335
"2326",0.397565980046728
"2327",2.67472311189902
"2328",8.85886176297144
"2329",2.76647788709295
"2330",4.22136697578462
"2331",5.40155650388702
"2332",6.44545637113712
"2333",5.29925510713814
"2334",3.06358707246563
"2335",1.4099605062463
"2336",0.805323544763884
"2337",1.79023091919508
"2338",3.63779882099276
"2339",0.197989817956264
"2340",0.980496802126496
"2341",4.58758923139046
"2342",6.40699010395485
"2343",2.54427198424511
"2344",2.0884204599516
"2345",1.78197661550677
"2346",7.08541387008824
"2347",10.3249025777376
"2348",7.7282665679737
"2349",5.78288252579611
"2350",7.60296385669476
"2351",4.21643216791928
"2352",4.59309223881317
"2353",2.41617772100038
"2354",1.98988854155294
"2355",2.66403005912948
"2356",6.41783023313876
"2357",1.79653986452826
"2358",7.50159687493916
"2359",4.60535766443953
"2360",2.91654652105675
"2361",0.99397308688166
"2362",2.22935205429382
"2363",4.18814873748436
"2364",0.900945518549455
"2365",1.74755353183186
"2366",4.53281650471061
"2367",3.61439707707268
"2368",2.69417442605642
"2369",3.89677589450626
"2370",6.45756022547943
"2371",0.995934300108542
"2372",0.432502446731214
"2373",6.96725241739954
"2374",2.33733648273488
"2375",3.9209902484761
"2376",3.90683361210441
"2377",2.18740101611774
"2378",0.63748886058724
"2379",3.94176333398998
"2380",2.46907870601935
"2381",2.01887517528743
"2382",0.915377201092793
"2383",2.75311480095292
"2384",2.33944027204138
"2385",3.47594493382417
"2386",3.31983098731462
"2387",7.86575848263736
"2388",13.6618089421985
"2389",0.82783751683648
"2390",6.37609024696132
"2391",4.45118666027463
"2392",4.36475946553741
"2393",5.37027560956403
"2394",8.41711678223533
"2395",1.20540196604534
"2396",4.09326466364099
"2397",7.17301126943439
"2398",4.44380292652065
"2399",2.60648820491311
"2400",2.49766499022782
"2401",2.00461340251482
"2402",3.17310818444395
"2403",1.69130343633779
"2404",6.77850430091911
"2405",5.17535374165148
"2406",4.60337405152738
"2407",5.21645274315514
"2408",3.81134191017191
"2409",3.21966230396137
"2410",4.27554544754756
"2411",2.86647077694524
"2412",1.68995903774277
"2413",1.75411728696087
"2414",2.94878515114133
"2415",3.47224698808849
"2416",7.4153785440076
"2417",3.40368726292462
"2418",7.74953439572626
"2419",3.02580623584357
"2420",1.10663131233329
"2421",4.13598514759898
"2422",4.72993090122734
"2423",1.61724320629537
"2424",3.69234366633132
"2425",0.860353175617471
"2426",2.63301573404022
"2427",0.633258797469742
"2428",5.55118507887642
"2429",3.26340966822909
"2430",4.69572246601854
"2431",2.38935142956273
"2432",0.887045197278783
"2433",1.74842510412711
"2434",2.39768632501481
"2435",6.92721055507859
"2436",3.29133290782073
"2437",1.12079833644256
"2438",1.93489424405681
"2439",5.38124662535961
"2440",5.74988089896993
"2441",1.23543572658733
"2442",4.19669561655744
"2443",3.05253501015963
"2444",3.96145241489284
"2445",3.17617991225973
"2446",4.50614170718074
"2447",1.11404288144396
"2448",5.87345561646401
"2449",4.26916513197752
"2450",2.73466732547836
"2451",3.5442118427824
"2452",3.87736732066194
"2453",1.88730717311636
"2454",4.05520929332055
"2455",4.88383547918819
"2456",1.69739912626366
"2457",7.1182529735828
"2458",3.0255798548834
"2459",2.39270762975021
"2460",4.43812574508641
"2461",3.78023382068444
"2462",3.0679334590526
"2463",2.79636687196236
"2464",1.46177125592711
"2465",5.02429804743676
"2466",2.8839081816697
"2467",1.15285386593652
"2468",2.46546008186085
"2469",5.72615649655862
"2470",2.07447819293068
"2471",2.19354812583986
"2472",0.676082062222679
"2473",2.12857116078203
"2474",5.91604425640879
"2475",3.31792466956673
"2476",10.871028522175
"2477",3.89775183451678
"2478",5.34058669074256
"2479",2.3470378843531
"2480",4.27001590616566
"2481",4.699574459783
"2482",2.989813871117
"2483",4.35843613953984
"2484",5.06467355867754
"2485",5.25749396896328
"2486",8.694792785303
"2487",3.560187306006
"2488",8.86336063548481
"2489",3.72156726698142
"2490",4.36476624091042
"2491",4.96430439232399
"2492",0.100316760608828
"2493",5.0524392630376
"2494",2.13031387716702
"2495",11.2616939373923
"2496",3.10665789165725
"2497",2.45850680030585
"2498",2.35713286944099
"2499",3.30274231691191
"2500",1.37700866614821
"2501",8.21754263812721
"2502",1.76019577315452
"2503",4.0568277973736
"2504",3.7443183411777
"2505",1.09845682574959
"2506",9.43308485439019
"2507",1.36734777505685
"2508",3.61624686852814
"2509",7.27666797555854
"2510",6.39351055372108
"2511",0.928860142289592
"2512",6.77122781150599
"2513",1.04438211474796
"2514",1.91508515315217
"2515",3.55078821943538
"2516",4.06563343629145
"2517",5.97878039523994
"2518",2.53091540081706
"2519",2.97101295445948
"2520",2.28877284343634
"2521",2.0146878623567
"2522",8.79169519010773
"2523",2.9028972239442
"2524",5.93353043088595
"2525",1.93693140887296
"2526",3.0839601790505
"2527",6.42008945618344
"2528",5.630924795643
"2529",1.84719922327099
"2530",8.38546238380558
"2531",4.55001519987567
"2532",3.35924455893758
"2533",1.9259752001234
"2534",5.64866057678412
"2535",4.04337683086741
"2536",1.95172194135756
"2537",1.56450422302664
"2538",4.42034067554702
"2539",4.60350565188311
"2540",5.0281602993838
"2541",3.16505253057976
"2542",3.48517634764971
"2543",6.67176565858645
"2544",5.12873527160995
"2545",4.60602783920445
"2546",0.518404094815396
"2547",4.13954910228736
"2548",4.43925752412651
"2549",0.851566282731329
"2550",2.26768944542799
"2551",4.21650211901543
"2552",12.6854734173165
"2553",3.54322826499783
"2554",4.09112676813258
"2555",1.29943249597547
"2556",4.69859712040173
"2557",1.75506548106977
"2558",3.59101603139477
"2559",1.06647474678357
"2560",2.11315586976734
"2561",2.1154930905247
"2562",2.94172268528754
"2563",1.85101713993649
"2564",1.40227520858797
"2565",1.77693619514345
"2566",2.45988851753988
"2567",5.75822522889136
"2568",6.43534802846166
"2569",11.2947968099747
"2570",2.03141656916402
"2571",1.53484589207549
"2572",1.55389073350598
"2573",3.70268658566528
"2574",3.45372465937637
"2575",3.57686583383814
"2576",2.09901484983505
"2577",2.49202993496305
"2578",0.403512915149875
"2579",6.76541067982576
"2580",1.81847646401109
"2581",5.08137301563625
"2582",4.6248393677931
"2583",3.40645397102172
"2584",1.18973252967789
"2585",2.4927410617629
"2586",4.45508991397577
"2587",5.63167985382848
"2588",3.35273890885922
"2589",0.802472507520088
"2590",4.52826420698262
"2591",1.92817500825534
"2592",0.304841096657173
"2593",8.42001960534343
"2594",3.7627608075345
"2595",1.2981617601862
"2596",4.71103475530323
"2597",2.60076006676265
"2598",5.46562552853218
"2599",3.76222914294905
"2600",1.67630459763083
"2601",5.00626783256787
"2602",3.73819957182185
"2603",3.81614641552119
"2604",9.65953814981332
"2605",8.06198295113617
"2606",5.23855681081484
"2607",3.36468433285867
"2608",1.16965555897729
"2609",2.77464737579193
"2610",0.7939666387492
"2611",8.4806044351784
"2612",1.77923471265931
"2613",3.60117643162583
"2614",2.72496237993022
"2615",1.03991156540794
"2616",2.42582061267798
"2617",2.79506122000232
"2618",0.69161639414408
"2619",3.33296869886284
"2620",4.92938947714411
"2621",6.15621728186863
"2622",3.96129212636411
"2623",7.56308153277375
"2624",3.02101793686614
"2625",2.11666439092652
"2626",3.90891527790126
"2627",2.95027299790544
"2628",3.10586624922801
"2629",0.944260588359682
"2630",1.43433700301653
"2631",1.84713148312628
"2632",3.57644316841614
"2633",2.92152633490202
"2634",4.42510948056093
"2635",1.67625858777877
"2636",0.679431342177852
"2637",4.1060037307995
"2638",3.71055443640287
"2639",3.8183210298862
"2640",1.813474579812
"2641",6.0817219980937
"2642",4.35542401639713
"2643",3.0541732389674
"2644",2.58354081109832
"2645",6.87606091208816
"2646",2.65110585610831
"2647",4.66587958428181
"2648",4.59699541271388
"2649",2.86556610520206
"2650",3.40468738344312
"2651",6.5322353354021
"2652",1.8854666389015
"2653",4.16574288188453
"2654",4.48338791951855
"2655",3.27836165127233
"2656",2.57305413695131
"2657",4.53506814013208
"2658",4.91150622959342
"2659",1.68274109354507
"2660",1.35275576572193
"2661",2.83385963858365
"2662",4.65371602247575
"2663",2.64387624012545
"2664",2.41821748627954
"2665",2.69599871963089
"2666",1.05732428774363
"2667",8.82294082020388
"2668",1.99954455230414
"2669",2.02608895910743
"2670",1.96331247452217
"2671",1.603981397708
"2672",1.67181157373579
"2673",7.75970894099235
"2674",1.10883165827765
"2675",1.56251967551915
"2676",8.71825044500541
"2677",3.30350988181567
"2678",4.78388690457457
"2679",5.57021012699376
"2680",1.78265673821883
"2681",2.71344989514277
"2682",1.99713681127431
"2683",0.824502764697431
"2684",3.57487725148733
"2685",3.6094087783602
"2686",1.75458618419994
"2687",8.75232229997435
"2688",6.28356938352166
"2689",0.413047435843813
"2690",2.65415432570584
"2691",5.69973364513115
"2692",4.27081265190012
"2693",1.46191357202933
"2694",5.14783194965138
"2695",3.14291312826948
"2696",3.78883248147367
"2697",4.44898329448225
"2698",3.7791574317228
"2699",6.77695793824621
"2700",2.20024189332707
"2701",4.2413430311843
"2702",4.74028998074823
"2703",13.9584481490365
"2704",2.19456188989147
"2705",3.79295728699001
"2706",5.30595712533068
"2707",3.11190730644849
"2708",5.01961046444136
"2709",1.58588440780439
"2710",2.94275797120687
"2711",2.84595970612592
"2712",1.89782822808334
"2713",8.07337906296912
"2714",5.75049828305753
"2715",2.64879524526498
"2716",1.78132399739931
"2717",3.18616864122714
"2718",5.74217835087843
"2719",1.4453862923808
"2720",6.31363461654027
"2721",3.11205977025667
"2722",7.40284562117145
"2723",6.85903050464013
"2724",1.75108695147449
"2725",3.92113182579578
"2726",3.62551472850131
"2727",2.75967629702773
"2728",4.102892656947
"2729",5.64259418766753
"2730",4.42748267442701
"2731",3.00140935021872
"2732",2.02441588436664
"2733",4.07734823357382
"2734",1.07428699973483
"2735",2.43923201184198
"2736",2.09301695076815
"2737",2.92382444953579
"2738",1.17085621375461
"2739",3.2943873153889
"2740",9.61239292255176
"2741",7.15665001814446
"2742",3.67993363576049
"2743",5.24399784442621
"2744",0.912920230875069
"2745",3.40748501645198
"2746",3.86733817423705
"2747",2.79628902945796
"2748",6.61370660947765
"2749",3.43047552198718
"2750",4.67776539024417
"2751",5.77825370755583
"2752",3.50957966528666
"2753",4.69098939798411
"2754",3.40670825599847
"2755",2.924767435921
"2756",2.22921523387455
"2757",2.8648796156126
"2758",5.45479884721488
"2759",7.67098102889101
"2760",3.54014792445398
"2761",5.33904961800799
"2762",3.45641920041775
"2763",1.86941979140579
"2764",2.38827711296548
"2765",3.55211958203311
"2766",2.98090408027004
"2767",0.321425535514289
"2768",2.64236246659554
"2769",9.14969827859392
"2770",2.53612319771915
"2771",5.76360685090337
"2772",1.02714645285003
"2773",10.1728077186492
"2774",1.8942503603416
"2775",1.2396411022259
"2776",1.86589385369775
"2777",1.89615423472846
"2778",3.33338899499074
"2779",5.30708142503037
"2780",4.20892767467508
"2781",3.9318097231671
"2782",1.962084836822
"2783",7.83018036641475
"2784",5.1338239996025
"2785",2.46067593113687
"2786",2.45575116873542
"2787",4.00841582134244
"2788",4.03078209314521
"2789",5.73964969688866
"2790",2.79642558809517
"2791",0.907138877338165
"2792",1.42063509137492
"2793",4.86356607704759
"2794",2.87510160459752
"2795",1.95247896170381
"2796",2.78676919941428
"2797",4.00016555049538
"2798",5.08720470968073
"2799",3.09994303529832
"2800",4.37798765560134
"2801",4.44261350261006
"2802",3.67528898402667
"2803",2.74676828957554
"2804",1.8107357807795
"2805",2.81609569234859
"2806",2.85783453017723
"2807",6.51494847763289
"2808",1.55831168964996
"2809",0.957477420548899
"2810",5.02545126055194
"2811",3.5703809896909
"2812",8.78656143401529
"2813",10.7557267851237
"2814",2.94415201672769
"2815",6.39159981456225
"2816",0.671884067299459
"2817",6.35274757214094
"2818",2.34910559311348
"2819",2.56033996142494
"2820",4.51296294297139
"2821",3.23747975139525
"2822",2.25579674418703
"2823",3.4028690076941
"2824",11.3885989756547
"2825",3.67738993005905
"2826",5.56090805162901
"2827",3.82583226121636
"2828",3.24869556473879
"2829",3.31128881244301
"2830",4.94365984040691
"2831",8.12802273085691
"2832",4.72488704194445
"2833",3.10518419017623
"2834",5.85815610827608
"2835",3.52275521503862
"2836",3.11364457686964
"2837",2.82695121371082
"2838",2.32730856684032
"2839",0.599851950424423
"2840",1.20097191172953
"2841",0.668038259579911
"2842",3.40177723994463
"2843",1.38915008067367
"2844",0.531712929523071
"2845",7.85987984846643
"2846",2.21772462732453
"2847",3.51331921684149
"2848",3.2865693260555
"2849",2.71400939034644
"2850",5.90534476289908
"2851",6.83753146705342
"2852",3.21855898689444
"2853",9.55897049936524
"2854",6.19512025004064
"2855",2.02109133879673
"2856",0.951877001319364
"2857",3.15098106018654
"2858",2.6803217613264
"2859",4.83475202478057
"2860",4.07286633531474
"2861",8.05256706345121
"2862",2.79331869385096
"2863",4.68470039660578
"2864",5.60771355837588
"2865",6.03158271084828
"2866",3.48539437293863
"2867",2.14068320708914
"2868",6.65589063303699
"2869",1.75191036314368
"2870",5.13059700464232
"2871",7.75759262710691
"2872",3.8710233836543
"2873",2.12701016910906
"2874",2.44959485233872
"2875",4.60328333371337
"2876",6.03852852751246
"2877",1.82904444412836
"2878",3.23113341413412
"2879",3.46123332261642
"2880",0.726577052707527
"2881",5.52159937738037
"2882",4.56813680575573
"2883",2.73267950051509
"2884",1.59204090743949
"2885",0.90503686299519
"2886",3.12156049126333
"2887",1.19546996693577
"2888",1.72316272013784
"2889",13.3103997081257
"2890",2.25264243148773
"2891",2.2452475397457
"2892",2.89659259218903
"2893",4.08120107014143
"2894",5.97748521113592
"2895",2.9931854495959
"2896",1.57450668032093
"2897",2.50145392280638
"2898",1.5926101117874
"2899",2.24489389895398
"2900",2.45908824118954
"2901",3.2369940220376
"2902",4.67019430027396
"2903",4.00941078851601
"2904",3.30662640152284
"2905",2.47788091379966
"2906",2.37458095349269
"2907",2.82883498822946
"2908",4.16799733272085
"2909",6.65704475034183
"2910",3.24398468569515
"2911",4.54301978763906
"2912",2.90807228250936
"2913",4.3470006607269
"2914",2.75106692090599
"2915",8.85569566702147
"2916",1.00296040229813
"2917",4.39368803109403
"2918",4.66322210434463
"2919",3.8800131990622
"2920",4.64985072236226
"2921",6.3804051111712
"2922",2.22948726783013
"2923",4.91108502551425
"2924",2.68245009328862
"2925",4.66930433847439
"2926",6.28831142015321
"2927",1.28923124891911
"2928",3.21071801593404
"2929",2.4363393937613
"2930",0.961379045103067
"2931",6.17680915171821
"2932",3.68642932669939
"2933",4.71571293760413
"2934",4.75730303458983
"2935",2.33417683200326
"2936",2.99975221504805
"2937",3.36990146553936
"2938",6.68772724789945
"2939",4.99492936247819
"2940",3.82314211458988
"2941",0.639848081001358
"2942",2.74575583934801
"2943",5.13217606272114
"2944",4.19987140984197
"2945",5.32924733766812
"2946",1.18972809922611
"2947",3.08768806358419
"2948",3.62088727670179
"2949",11.5534900441075
"2950",5.3006033281887
"2951",1.98293010379088
"2952",2.74687516373088
"2953",6.17917048215143
"2954",5.362999218808
"2955",3.73364993535694
"2956",7.04857155729721
"2957",4.4062791438809
"2958",6.8343852207709
"2959",6.52808534045884
"2960",9.27216825362983
"2961",3.73501486527308
"2962",4.47910172486445
"2963",7.1263044137531
"2964",3.22453557518857
"2965",2.66508025702029
"2966",2.15252482181244
"2967",4.74315744425177
"2968",2.36422065563472
"2969",5.35304110965773
"2970",12.4708113402571
"2971",5.8478836679011
"2972",3.97712660041086
"2973",4.32357803962869
"2974",8.40913071039404
"2975",3.97104429324855
"2976",3.39501760850243
"2977",3.44293140308285
"2978",5.78857501139543
"2979",4.46342144174701
"2980",2.66348660042079
"2981",6.34195586254905
"2982",2.09204841326259
"2983",6.36606860710306
"2984",2.33969096767721
"2985",1.61900062055236
"2986",5.13243832891347
"2987",3.40479503719492
"2988",2.8097644881579
"2989",3.26343314471616
"2990",1.216640751413
"2991",4.89014344994299
"2992",1.31991494373951
"2993",5.88499897864264
"2994",2.88960017070736
"2995",5.53473368473844
"2996",3.5934920952533
"2997",2.01022758383213
"2998",5.32962824461129
"2999",3.60164698135671
"3000",0.378831423612665
